pointer,sha256
jolarca-compliance/certifications/README.md,d5398e8b470eb340755fab3f1eb481600101ed839d99cc01fc7135d7edc5b339
jolarca-compliance/dpia/register.md,bd622c55285e84286233d47a5b46663bd9a12c3d12e78295dbc9cba2c34abc30
jolarca-control/docs/architecture.md,10ddb452754e6a930b38d76b0595f04a5d5fa1ae5f2bc20dbbb845798109a0c5
jolarca-control/docs/change-management.md,50812174cfa3fcfe7b28c3180b3294b25e5f463e3e3e6bdcfda4dcd6ca762dca
jolarca-control/docs/data-classification.md,f8d32a4b06ec04bfbfbb8b4bb82f4834790d46b2effc78bd3b19ed244fe18f08
jolarca-control/docs/drift-findings.md,6319fc22e3cdb5a8598e8e590aa86b0f58ada94cc9a788e05960c8db8d30475c
jolarca-control/policy/repo-defaults.yml,961199711b5800b1de280d3d265012bd431b2b7369c1f337db1df6735c4bc2fe
jolarca-data/docs/adr/0001-pseudonymize-at-ingestion.md,af788334fba26546372a5e4080c022d2bee289b230fc5ef7a19d79b0041160af
jolarca-infrastructure/docs/adr/0005-single-payment-boundary.md,5c95b23ea9c34aae49d9c847ea2a2950d92fc83664e8d73bd4e68f2ef6e926a0
jolarca-infrastructure/docs/architecture.md,51695b0f77538b6e3e4ac5f48fa59d5b633d0b7c993114bc30a2684a677a8011
jolarca-infrastructure/docs/backup-restore-runbook.md,4b76d5298ff3cb98518f76684c44302028a966a866ea03c830d4633a3de55466
jolarca-infrastructure/docs/deployment-strategy.md,3de615f326f713fdca1d025c9931cc29275977b71ade9beaa00450b57ea60ad8
jolarca-infrastructure/docs/incident-runbook.md,41d87d0f8af3a9df4e1b77e73fbcf21ca777f7f89d1ad7a8836fe55691aaaf59
jolarca-infrastructure/security/access-review.md,8f75d74de8eeb2992e58478ce7c11aa84d0a38e4cc3ab90ff95620e0b9dfe11a
jolarca-infrastructure/security/cis-baseline.md,ba099a21388e0499881f692dac93a81bc785d5c068f4ebc7741fa604dece5243
jolarca-infrastructure/security/isolation-model.md,8179c8127a19ca286f4e2f314636649d7423a782e8104139f75238f3d976eba3
jolarca-infrastructure/security/key-custody.md,fbcc66313608c552d5e169986612550d13ad5be5e028f33a30c119140ae835af
jolarca-infrastructure/security/network-policy.md,4df8f0954aa49ad01befb7cfdedfe153cfa283da0bc48abff3828f8149ad5d83
jolarca-infrastructure/security/pci-dss-scope.md,a6027c5a99c4888a549422d30cfd10ec92cff13c0458012593c3061472c9d6c0
jolarca/docs/ARCHITECTURE_DECISION_RECORDS.md,1ecaa515666e9692b8b74d2072b631800d1179981c28a16f8786161ecc5652f2
jolarca/docs/architecture/01-modular-breakdown.md,23f28dee31907004aa22d20f9cec868be6289f70d1577fc36fcdce2fb15b8477
jolarca/docs/architecture/07-communication-protocols.md,7228a68ffe9272c723e61729064733a47b6c321b580b0a0df697277e4278dc3a
